Year,Name,College,POS,Height (in),Weight (lbs),Hand Size (in),Arm Length (in),Wonderlic,40 Yard,Bench Press,Vert Leap (in),Broad Jump (in),Shuttle,3Cone,60Yd Shuttle
2024,Kris Abrams-Draine,Missouri,CB,71.38,179,8.63,31.00,,4.44,,33.5,,,,
2024,Isaiah Adams,Illinois,OG,76.00,315,9.00,33.88,,5.22,,24.5,102,4.73,7.77,
2024,Rasheen Ali,Marshall (WV),RB,71.38,206,8.63,31.25,,,,,,,,
2024,Erick All,Iowa,TE,76.13,252,10.13,33.00,,,,,,,,
2024,Braelon Allen,Wisconsin,RB,73.00,235,9.25,31.25,,,26,32.0,117,,,
2024,Joe Alt,Notre Dame,OT,80.75,321,10.00,34.25,,5.05,,28.0,112,4.51,7.31,
2024,Kiran Amegadjie,Yale,OG,77.00,323,9.63,36.13,,,,,,,,
2024,Daijahn Anthony,Mississippi,SS,71.75,195,9.00,32.50,,4.55,,37.0,116,,,
2024,Terrion Arnold,Alabama,CB,72.00,189,8.88,31.63,,4.50,,37.0,129,,,
2024,Gottlieb Ayedze,Maryland,OG,75.75,308,9.88,33.00,,5.01,,26.5,112,,,
2024,Emani Bailey,Texas Christian,RB,67.38,202,9.75,29.88,,4.61,,33.5,116,,,
2024,Javon Baker,Central Florida,WR,73.38,202,9.63,32.25,,4.54,,37.0,121,,,
2024,A.J. Barner,Michigan,TE,77.75,251,9.00,33.38,,,,,,,,
2024,Karsen Barnhart,Michigan,OG,76.63,306,9.88,33.38,,5.21,,,111,4.70,7.83,
2024,Michael Barrett,Michigan,ILB,71.25,233,8.50,32.13,,,,,,,,
2024,Graham Barton,Duke,OT,76.75,313,9.38,32.88,,,,,,,,
2024,Cooper Beebe,Kansas State,OG,75.25,322,9.25,31.50,,5.03,,27.5,109,4.61,7.44,
2024,Jaheim Bell,Florida State,FB,73.75,241,10.00,33.00,,4.61,,35.0,124,,,
2024,Trey Benson,Florida State,RB,72.38,216,9.25,31.50,,4.39,,33.5,122,,,
2024,JD Bertrand,Notre Dame,ILB,73.00,235,9.75,30.63,,,20,,,,,
2024,Tatum Bethune,Florida State,ILB,71.63,229,10.00,32.38,,,16,,,,,
2024,Keaton Bills,Utah,OG,76.63,321,10.00,32.50,,5.38,,29.5,101,4.90,7.95,
2024,Cole Bishop,Utah,FS,73.75,206,9.50,29.75,,4.45,,39.0,124,,,
2024,Austin Booker,Kansas,DE,76.63,240,9.25,33.88,,4.79,,32.5,120,,,
2024,Tanor Bortolini,Wisconsin,C,75.88,303,10.00,31.50,,4.94,,32.5,112,4.28,7.16,
2024,Brock Bowers,Georgia,TE,75.13,243,9.75,32.75,,,,,,,,
2024,Beau Brade,Maryland,FS,71.75,203,10.13,31.00,,,,,,,,
2024,Millard Bradford,Texas Christian,FS,70.63,191,9.00,31.25,,4.42,15,38.5,124,,,
2024,Chris Braswell,Alabama,OLB,75.25,251,9.38,33.25,,4.60,,33.5,115,,,
2024,Jonathon Brooks,Texas,RB,72.00,216,9.25,31.50,,,,,,,,
2024,Jarvis Brownlee,Louisville,CB,70.00,194,9.00,31.25,,,,,,,,
2024,Javon Bullard,Georgia,FS,70.63,198,9.00,30.75,,4.47,,,,,,
2024,Calen Bullock,Southern California,SS,74.25,188,9.00,32.50,,4.48,,,,,,
2024,Jermaine Burton,Alabama,WR,72.25,196,9.88,31.00,,4.45,,38.5,133,,,
2024,Solomon Byrd,Southern California,DE,74.75,255,9.75,33.63,,,,,,,,
2024,Jaylon Carlies,Missouri,SS,74.75,227,10.00,34.25,,4.50,20,32.5,125,,,
2024,Caelen Carson,Wake Forest,CB,72.25,199,8.25,31.38,,,,,,,,
2024,DeWayne Carter,Duke,DT,74.25,302,10.25,33.00,,4.99,,32.0,109,4.75,7.95,
2024,Aaron Casey,Indiana,ILB,72.63,231,9.38,32.75,,4.75,16,30.0,117,,,
2024,Nelson Ceaser,Houston,DE,74.63,254,10.25,33.63,,,,31.0,,4.57,7.30,
2024,Steele Chambers,Ohio State,OLB,72.50,226,9.25,30.50,,,,33.5,112,4.23,7.13,
2024,Javion Cohen,Miami (FL),OG,76.38,324,9.88,34.00,,,,26.5,104,,,
2024,Andrew Coker,Texas Christian,OT,78.75,315,9.50,34.00,,5.36,,25.5,94,4.93,7.95,
2024,Jalen Coker,Holy Cross (MA),WR,73.25,208,9.88,32.50,,4.57,,42.5,128,,,
2024,Myles Cole,Texas Tech,DE,77.88,278,9.88,36.88,,4.67,,35.0,120,,,
2024,Brandon Coleman,Texas Christian,OG,76.63,313,10.75,34.63,,4.99,,34.0,114,,,
2024,Keon Coleman,Florida State,WR,74.63,213,9.00,32.00,,4.61,,38.0,127,,,
2024,Junior Colson,Michigan,ILB,73.75,238,9.38,32.50,,,,,,,,
2024,Edgerrin Cooper,Texas A&M,OLB,74.00,230,9.75,34.00,,4.51,,34.5,118,,,
2024,Ryan Cooper,Oregon State,CB,71.25,184,8.75,30.50,,,,,,,,
2024,Malachi Corley,Western Kentucky,WR,70.63,215,9.13,32.13,,,,,,,,
2024,Blake Corum,Michigan,RB,67.63,205,9.00,28.88,,4.53,27,35.5,,,,
2024,Jacob Cowing,Arizona,WR,68.38,168,9.00,29.25,,4.38,,36.0,119,4.32,7.02,
2024,Frank Crum,Wyoming,OT,79.88,313,10.50,33.88,,4.94,,31.5,114,4.73,7.39,
2024,Jaden Crumedy,Mississippi State,DT,76.25,301,10.50,33.00,,4.97,,29.5,105,4.66,,
2024,Devin Culp,Washington,TE,75.25,231,9.25,32.88,,4.47,,,,,,
2024,Jayden Daniels,Louisiana State,QB,75.25,210,,,,,,,,,,
2024,Anim Dankwah,Howard (DC),OT,79.75,353,9.75,35.13,,,,27.5,,,,
2024,Isaiah Davis,South Dakota State,RB,71.75,218,10.25,31.13,,4.57,23,34.5,119,,,
2024,Ray Davis,Kentucky,RB,68.38,211,8.88,30.25,,4.52,,35.0,119,,,
2024,Tyler Davis,Clemson,DT,73.75,301,9.25,31.38,,5.02,29,28.5,108,5.00,,
2024,Cooper DeJean,Iowa,CB,72.63,203,9.63,31.13,,,,,,,,
2024,Kalen DeLoach,Florida State,OLB,71.63,210,8.63,31.50,,4.47,,30.5,119,,,
2024,M.J. Devonshire,Pittsburgh,CB,71.13,186,8.75,32.88,,4.45,,38.5,124,4.35,7.12,
2024,Marcellas Dial,South Carolina,CB,71.75,190,8.88,32.00,,4.46,,40.5,129,,,
2024,Johnny Dixon,Penn State,CB,71.00,188,8.63,29.50,,,,,,,,
2024,Brandon Dorlus,Oregon,DT,75.13,283,9.38,33.25,,4.85,,30.5,111,4.85,7.43,
2024,Willie Drew,Virginia State,CB,71.63,191,9.50,32.00,,4.46,13,,,,,
2024,Ethan Driskell,Marshall (WV),OT,80.25,313,10.50,35.38,,,,,,,,
2024,Khalid Duke,Kansas State,DE,74.88,246,9.25,32.63,,,21,34.0,117,,,
2024,Justin Eboigbe,Alabama,DT,76.38,297,9.75,33.38,,5.18,,28.0,,,,
2024,Daijun Edwards,Georgia,RB,69.75,207,9.50,29.75,,,,,114,,,
2024,Kingsley Eguakun,Florida,C,75.63,304,10.13,32.50,,,,,,,,
2024,Tommy Eichenberg,Ohio State,ILB,74.13,233,9.25,31.63,,,,32.5,116,4.24,,
2024,Jonah Elliss,Utah,DE,73.88,248,10.50,33.00,,,,,,,,
2024,Audric Estime,Notre Dame,RB,71.25,221,10.25,32.38,,4.71,23,38.0,125,,,
2024,Josiah Ezirim,Eastern Kentucky,OT,77.75,329,10.75,35.75,,,,,,,,
2024,Olumuyiwa Fashanu,Penn State,OT,78.13,312,8.50,34.00,,5.11,,32.0,109,,,
2024,Troy Fautanu,Washington,OG,76.00,317,9.50,34.50,,5.01,,32.5,113,,,
2024,Blake Fisher,Notre Dame,OT,77.63,310,10.00,34.38,,5.20,,28.0,,4.73,7.76,
2024,Braden Fiske,Florida State,DT,75.63,292,9.38,31.00,,4.78,26,33.5,117,4.37,,
2024,Jeremy Flax,Kentucky,OT,77.63,343,9.00,33.13,,5.64,,28.0,100,,,
2024,Ryan Flournoy,Southeast Missouri State,WR,73.13,202,10.13,31.63,,4.44,19,39.5,132,,,
2024,Jaylan Ford,Texas,ILB,74.25,240,9.50,31.75,,,,33.5,121,,,
2024,Javon Foster,Missouri,OT,77.63,313,9.63,34.63,,5.30,,32.5,106,,,
2024,Troy Franklin,Oregon,WR,74.25,176,8.75,31.88,,4.41,,39.0,124,4.31,6.90,
2024,Zach Frazier,West Virginia,C,74.63,313,10.88,32.25,,,,,,,,
2024,Taliese Fuaga,Oregon State,OT,77.88,324,10.13,33.13,,5.13,,32.0,111,,,
2024,XZauvea Gadlin,Liberty (VA),OG,74.88,322,10.25,33.25,,5.50,,24.0,96,4.97,8.26,
2024,Nick Gargiulo,South Carolina,C,77.13,318,10.38,33.88,,5.25,,32.5,101,,7.33,
2024,Easton Gibbs,Wyoming,ILB,72.00,232,9.25,30.38,,4.73,,31.5,109,,,
2024,Delmar Glaze,Maryland,OT,76.25,315,10.25,34.88,,5.21,,25.5,104,,,
2024,Matt Goncalves,Pittsburgh,OT,77.88,327,9.00,33.25,,,,,,,,
2024,Frank Gore,Southern Mississippi,RB,67.75,201,8.25,29.63,,,12,,,,,
2024,Anthony Gould,Oregon State,WR,68.00,174,8.88,29.63,,4.39,,39.5,129,4.16,,
2024,Tylan Grable,Central Florida,OT,77.75,306,10.13,33.63,,4.95,,36.5,117,,,
2024,Cedric Gray,North Carolina,ILB,73.75,234,9.00,32.50,,4.64,17,35.5,120,,,
2024,Renardo Green,Florida State,CB,71.50,186,9.13,31.25,,4.49,,37.5,130,,,
2024,Garret Greenfield,South Dakota State,OT,77.88,311,9.75,33.50,,5.22,,38.5,113,4.85,7.76,
2024,Lideatrick Griffin,Mississippi State,WR,69.88,181,9.13,30.63,,4.43,,35.5,124,4.35,7.00,
2024,Isaac Guerendo,Louisville,RB,71.75,221,9.25,30.75,,4.33,,41.5,129,,,
2024,Tyler Guyton,Oklahoma,OT,79.75,322,10.25,34.13,,5.19,,34.5,107,4.71,7.50,
2024,Kamal Hadden,Tennessee,CB,73.13,196,8.50,30.88,,,,,,,,
2024,Gabe Hall,Baylor,DT,77.75,291,9.50,34.50,,5.03,,31.5,115,4.67,7.65,
2024,Michael Hall,Ohio State,DT,74.75,290,10.00,33.50,,,,,,,,
2024,Dominique Hampton,Washington,SS,74.38,215,10.00,33.25,,4.51,,39.0,122,4.14,6.83,
2024,C.J. Hanson,Holy Cross (MA),OG,76.63,300,9.38,32.38,,5.00,,33.5,115,,,
2024,Myles Harden,South Dakota,FS,70.63,195,9.38,29.88,,4.50,13,35.5,118,3.98,6.88,
2024,Daequan Hardy,Penn State,CB,69.00,179,8.13,30.00,,4.38,,42.5,126,,,
2024,Jaylen Harrell,Michigan,DE,75.50,250,9.75,33.25,,,,37.0,118,,,
2024,Marcus Harris,Auburn,DT,74.38,286,9.63,32.00,,5.06,27,29.5,103,,,
2024,Marvin Harrison,Ohio State,WR,75.25,209,9.50,31.88,,,,,,,,
2024,Cam Hart,Notre Dame,CB,74.88,202,9.38,33.00,,4.50,11,39.5,130,4.24,7.12,
2024,Sam Hartman,Notre Dame,QB,73.00,211,9.75,31.38,,4.80,,28.5,106,,,
2024,Christian Haynes,Connecticut,OG,74.50,317,9.00,33.50,,5.03,,33.0,102,,,
2024,LaDarius Henderson,Michigan,OG,76.25,309,10.63,35.00,,,,,,,,
2024,Jaden Hicks,Washington State,SS,74.13,211,9.38,31.50,,,16,37.5,122,4.37,6.88,
2024,George Holani,Boise State,RB,70.25,208,9.75,29.75,,4.52,24,39.0,127,,,
2024,Dallin Holker,Colorado State,TE,75.13,241,10.13,33.63,,4.78,,32.5,122,4.21,6.83,
2024,TyRon Hopper,Missouri,OLB,74.13,231,8.88,31.38,,,,,,,,
2024,Jalyx Hunt,,DE,75.75,252,10.00,34.38,,4.64,,37.5,128,,,
2024,Jontrey Hunter,Georgia State,ILB,74.00,236,9.00,31.75,,,,32.0,111,,,
2024,Bucky Irving,Oregon,RB,69.13,192,9.50,29.50,,4.55,,29.5,115,,,
2024,Adisa Isaac,Penn State,DE,76.13,247,9.63,33.88,,4.74,,34.5,123,,,
2024,Brennan Jackson,Washington State,DE,76.00,264,9.75,32.75,,4.69,,33.5,114,,,
2024,JhaQuan Jackson,Tulane (LA),WR,69.00,188,8.88,30.88,,4.42,12,32.0,118,,,
2024,Khyree Jackson,Oregon,CB,75.50,194,9.25,32.75,,4.50,,36.5,133,,,
2024,McKinnley Jackson,Texas A&M,DT,73.63,326,10.00,33.88,,5.26,,23.0,106,,,
2024,Curtis Jacobs,Penn State,OLB,73.00,241,10.25,31.50,,4.58,18,35.0,124,,,
2024,D.J. James,Auburn,CB,71.63,175,8.38,31.00,,4.42,,,,,,
2024,Javontae Jean-Baptiste,Notre Dame,DE,76.75,239,10.00,33.75,,4.66,,34.5,127,,,
2024,Trajan Jeffcoat,Arkansas,DE,76.00,266,10.13,32.75,,4.69,,31.5,120,,,
2024,Jordan Jefferson,Louisiana State,DT,74.63,313,9.88,33.13,,,34,31.0,104,,,
2024,Kris Jenkins,Michigan,DT,74.75,299,9.38,34.00,,4.91,29,30.0,115,4.78,,
2024,Carlton Johnson,Frenso State (CA),CB,70.88,173,8.00,30.38,,,,,,,,
2024,Cedric Johnson,Mississippi,DE,74.88,260,9.88,33.50,,4.63,,38.0,122,,,
2024,Cornelius Johnson,Michigan,WR,75.13,212,8.63,31.88,,4.44,,37.5,127,,,
2024,Dillon Johnson,Washington,RB,71.75,217,9.38,30.00,,4.68,,31.5,117,,,
2024,Isaiah Johnson,Syracuse,FS,74.88,205,8.88,32.88,,4.64,,38.5,129,,,
2024,Theo Johnson,Penn State,TE,78.00,259,10.25,33.00,,4.57,,39.5,125,4.19,7.15,
2024,Christian Jones,Texas,OT,77.00,305,10.63,34.50,,5.04,,,,4.78,8.09,
2024,Elijah Jones,Boston College,CB,73.75,185,9.25,31.50,,4.44,,42.5,131,,,
2024,Jarrian Jones,Florida State,CB,72.00,190,8.63,30.00,,4.38,,39.5,129,,,
2024,Matthew Jones,Ohio State,OG,75.63,316,9.00,32.63,,5.21,,28.0,103,,8.19,
2024,Trente Jones,Michigan,OG,75.63,305,10.13,33.00,,5.17,,27.0,109,4.87,7.78,
2024,Jawhar Jordan,Louisville,RB,69.63,193,8.50,30.13,,4.56,,,,,,
2024,Mohamed Kamara,Colorado State,OLB,73.38,248,8.63,32.38,,4.57,,34.5,123,,,
2024,Trevor Keegan,Michigan,OG,77.38,310,10.00,32.38,,5.24,,30.5,107,,,
2024,Jaylen Key,Alabama,SS,72.75,208,9.63,32.25,,4.60,,36.5,130,,,
2024,Kamren Kinchens,Miami (FL),FS,71.13,203,9.75,31.25,,4.65,,35.0,110,,,
2024,Kalen King,Penn State,CB,71.00,191,8.75,30.88,,4.61,,37.0,122,4.16,,
2024,Jarrett Kingston,Southern California,OG,75.50,306,9.75,32.13,,5.02,,,,4.47,7.53,
2024,Marshawn Kneeland,Western Michigan,DE,75.00,267,9.13,34.50,,4.75,,35.5,119,4.18,7.02,
2024,Tyrice Knight,Texas-El Paso,ILB,72.63,233,9.25,32.50,,4.63,21,34.5,119,4.40,7.25,
2024,Trey Knox,South Carolina,TE,75.38,240,9.38,34.25,,,,32.5,121,4.54,7.09,
2024,Kamari Lassiter,Georgia,CB,71.63,186,8.88,30.88,,,,,,4.12,6.62,
2024,Brady Latham,Arkansas,OG,77.00,304,9.50,32.75,,5.31,,,,4.47,7.57,
2024,JC Latham,Alabama,OT,77.75,342,11.00,35.13,,,,,,,,
2024,Laiatu Latu,UCLA,DE,76.75,259,9.63,32.63,,4.64,,32.0,116,,,
2024,Dylan Laube,New Hampshire,RB,69.75,206,9.25,29.38,,4.54,23,37.0,118,,,
2024,Sataoa Laumea,Utah,OG,76.13,319,9.88,32.88,,,,,,,,
2024,Devin Leary,Kentucky,QB,73.00,215,9.50,30.88,,,,,,,,
2024,Logan Lee,Iowa,DT,77.00,281,10.25,32.25,,5.05,25,31.5,114,,7.16,
2024,Matt Lee,Miami (FL),C,75.75,301,9.25,32.13,,5.03,,,,,,
2024,Xavier Legette,South Carolina,WR,73.00,221,9.00,31.88,,4.39,,40.0,126,,,
2024,KT Leveston,Kansas State,OG,75.63,326,9.88,34.38,,5.38,,,,4.89,,
2024,Beaux Limmer,Arkansas,C,76.50,302,9.50,31.88,,5.22,,,,4.57,7.47,
2024,Marist Liufau,Notre Dame,OLB,74.00,234,9.88,34.25,,4.64,,,,,,
2024,MarShawn Lloyd,Southern California,RB,69.13,220,8.75,30.38,,4.46,25,36.0,118,,,
2024,Zion Logue,Georgia,DT,77.75,314,10.00,33.50,,5.14,,29.0,109,4.92,,
2024,Fabien Lovett,Florida State,DT,75.75,314,10.38,35.50,,,,,,,,
2024,Jordan Magee,Temple,ILB,73.00,228,8.75,32.00,,4.55,,35.5,124,,,
2024,Christian Mahogany,Boston College,OG,74.50,314,10.50,33.50,,5.13,,,,4.53,7.81,
2024,Drake Maye,North Carolina,QB,76.38,223,9.00,32.00,,,,,,,,
2024,Luke McCaffrey,Rice (TX),WR,73.75,198,9.63,30.13,,4.46,,36.0,121,4.02,6.70,
2024,J.J. McCarthy,Michigan,QB,74.63,219,9.00,32.00,,,,,,,,
2024,Jase McClellan,Alabama,RB,69.75,221,10.25,31.13,,,20,,,,,
2024,Ladd McConkey,Georgia,WR,71.50,186,8.63,30.25,,4.39,13,36.0,124,,,
2024,Mason McCormick,South Dakota State,OG,76.00,309,10.00,33.88,,5.08,,,,,7.59,
2024,Dwight McGlothern,Arkansas,CB,73.75,185,8.63,30.50,,4.47,,32.0,115,,,
2024,Braiden McGregor,Michigan,DE,77.13,257,10.00,33.13,,,,,,,,
2024,Kool-Aid McKinstry,Alabama,CB,71.63,199,8.50,32.00,,,,,,,,
2024,Tanner McLachlan,Arizona,TE,77.13,244,9.38,31.63,,4.61,,35.0,117,,,
2024,Dylan McMahon,North Carolina State,C,74.88,299,9.38,31.75,,5.10,,,,4.45,7.26,
2024,Jalen McMillan,Washington,WR,72.63,197,10.00,32.13,,4.47,,37.0,127,4.18,6.94,
2024,Patrick McMorris,California,SS,71.88,207,9.75,31.88,,,14,31.0,112,,,
2024,Bub Means,Pittsburgh,WR,72.75,212,10.13,33.25,,4.43,19,39.5,122,,,
2024,Max Melton,Rutgers,CB,71.00,187,9.13,32.13,,4.39,,40.5,136,,,
2024,Joe Milton,Tennessee,QB,77.00,235,10.25,33.38,,,,35.0,121,,,
2024,Kendall Milton,Georgia,RB,73.63,225,9.63,31.75,,4.62,18,35.5,124,,,
2024,Amarius Mims,Georgia,OT,79.75,340,11.25,36.50,,5.07,,,,4.33,,
2024,Adonai Mitchell,Texas,WR,74.13,205,9.00,32.38,,4.34,,39.5,136,,,
2024,Quinyon Mitchell,Toledo,CB,72.38,195,9.25,31.00,,4.33,20,38.0,120,,,
2024,Jacob Monk,Duke,C,74.63,308,10.00,32.38,,5.09,,,,,,
2024,Jordan Morgan,Arizona,OT,76.75,311,10.88,32.88,,5.04,,,,,,
2024,Darius Muasau,UCLA,ILB,71.75,225,9.50,31.50,,4.70,,36.5,117,,,
2024,Byron Murphy,Texas,DT,72.63,297,10.25,32.38,,4.87,28,33.0,111,,,
2024,Gabriel Murphy,UCLA,OLB,74.13,247,9.25,30.50,,4.68,25,39.5,123,,,
2024,Myles Murphy,North Carolina,DT,75.88,309,9.75,33.88,,5.20,,28.5,106,4.81,,
2024,Malik Mustapha,Wake Forest,SS,69.88,209,9.00,30.13,,,22,,,,,
2024,Malik Nabers,Louisiana State,WR,71.75,200,,,,,,,,,,
2024,JerZhan Newton,Illinois,DT,74.13,304,9.50,32.38,,,,,,,,
2024,Josh Newton,Texas Christian,CB,70.75,190,9.25,31.13,,4.51,15,34.0,124,4.15,7.01,
2024,Bo Nix,Oregon,QB,73.88,214,10.00,31.00,,,,,,,,
2024,Maema Njongmeta,Wisconsin,ILB,71.63,229,9.38,32.13,,4.91,,,,4.66,,
2024,Hunter Nourzad,Penn State,C,74.75,317,10.75,33.13,,,,,,,,
2024,Tyler Nubin,Minnesota,FS,73.63,199,9.00,32.00,,,,,,,,
2024,Drake Nugent,Michigan,C,73.63,298,9.00,33.00,,5.23,,,,4.50,7.33,
2024,Rome Odunze,Washington,WR,74.75,212,9.25,32.25,,4.45,,39.0,124,4.03,6.88,
2024,Eyabi Okie-Anoma,North Carolina Charlotte,DE,76.63,260,9.50,33.50,,,,,,,,
2024,Kitan Oladapo,Oregon State,SS,74.13,216,9.25,32.38,,4.58,15,36.0,117,,,
2024,Ruke Orhorhoro,Clemson,DT,76.00,294,9.38,34.00,,4.89,29,32.0,116,,,
2024,Tyler Owens,Texas Tech,SS,74.13,216,9.13,33.38,,,,41.0,146,,,
2024,Patrick Paul,Houston,OT,79.63,331,9.38,36.25,,5.13,,,,,7.65,
2024,Julian Pearl,Illinois,OT,77.75,312,10.25,35.13,,,,,,,,
2024,Ricky Pearsall,Florida,WR,72.88,189,9.25,30.88,,4.41,17,42.0,129,4.05,6.64,
2024,Michael Penix,Washington,QB,74.25,216,10.50,33.63,,,,,,,,
2024,Andru Phillips,Kentucky,CB,70.50,190,8.75,31.25,,4.48,,42.0,135,,,
2024,Prince Pines,Tulane (LA),OG,76.63,322,9.13,32.88,,5.34,,,,,,
2024,JaLynn Polk,Washington,WR,73.00,203,9.75,31.75,,4.52,,37.5,129,,,
2024,Jackson Powers-Johnson,Oregon,C,75.25,328,9.88,32.25,,,,,,,,
2024,Michael Pratt,Tulane (LA),QB,74.63,217,9.25,30.75,,,,36.0,114,,,
2024,Deantre Prince,Mississippi,CB,72.25,183,8.50,30.75,,4.38,,34.5,125,,,
2024,Nehemiah Pritchett,Auburn,CB,72.13,190,8.38,31.63,,4.36,,34.5,,,,
2024,Josh Proctor,Ohio State,FS,73.50,199,8.75,32.00,,4.55,,32.5,121,,,
2024,Dominick Puni,Kansas,OG,76.75,313,10.13,33.38,,5.35,,,,4.40,7.47,
2024,Ennis Rakestraw,Missouri,CB,71.13,183,8.50,32.00,,4.51,,,120,,,
2024,Keith Randolph,Illinois,DT,75.63,296,9.88,32.75,,5.15,,28.5,105,,,
2024,Spencer Rattler,South Carolina,QB,72.13,211,9.88,31.00,,4.95,,32.0,108,,,
2024,Andrew Raym,Oklahoma,C,75.75,314,10.00,32.50,,5.42,,,,,,
2024,Austin Reed,Western Kentucky,QB,82.63,220,9.88,30.13,,4.82,,,,,,
2024,Tip Reiman,Illinois,TE,76.75,271,10.50,32.88,,4.64,28,33.5,121,4.26,7.02,
2024,Brenden Rice,Southern California,WR,74.13,208,9.63,33.00,,4.50,13,36.5,119,,,
2024,Decamerion Richardson,Mississippi State,CB,74.13,188,8.88,32.38,,4.34,,35.0,128,,,
2024,Demani Richardson,Texas A&M,SS,72.63,214,9.88,32.00,,4.60,,31.0,116,,,
2024,Chop Robinson,Penn State,DE,74.75,254,9.13,32.50,,4.48,,34.5,128,4.25,,
2024,Darius Robinson,Missouri,DT,77.00,285,10.63,34.50,,4.95,,35.0,111,,,
2024,Keilan Robinson,Texas,RB,68.38,191,9.63,30.63,,4.42,,33.0,125,,,
2024,Layden Robinson,Texas A&M,OG,75.63,302,10.50,34.63,,,,,,,,
2024,Tayvion Robinson,Kentucky,WR,70.63,191,9.25,31.00,,,,,,,,
2024,Justin Rogers,Auburn,DT,74.63,330,10.13,33.00,,,21,24.5,99,4.87,,
2024,Christian Roland-Wallace,Southern California,CB,71.63,201,9.00,32.50,,,17,,,,,
2024,Marcus Rosemy-Jacksaint,Georgia,WR,73.00,195,10.00,33.00,,,,35.0,119,,,
2024,Roger Rosengarten,Washington,OT,77.13,308,9.38,33.13,,4.92,,,,4.60,,
2024,Walter Rouse,Oklahoma,OT,77.50,313,10.13,35.13,,,,,,,,
2024,Mike Sainristil,Michigan,CB,69.25,182,8.50,30.88,,4.47,14,40.0,131,4.01,6.99,
2024,Andre Sam,Louisiana State,FS,71.25,191,9.25,30.00,,4.59,,36.0,123,,,
2024,Nick Samac,Michigan State,C,76.00,307,9.75,32.75,,,,,,,,
2024,JaTavion Sanders,Texas,TE,76.00,245,10.13,32.88,,4.69,,,,4.32,,
2024,Cody Schrader,Missouri,RB,68.63,202,9.13,28.13,,4.61,,33.0,,,,
2024,Will Shipley,Clemson,RB,71.25,206,9.63,30.25,,,,,,,,
2024,Jaden Shirden,Monmouth (NJ),RB,67.50,187,9.25,28.75,,4.45,,34.5,117,,,
2024,Jaylin Simpson,Auburn,FS,71.75,179,9.88,32.38,,4.45,,39.5,133,,,
2024,Ben Sinnott,Kansas State,TE,76.00,250,9.50,32.38,,4.68,,40.0,126,4.23,6.82,
2024,Kedon Slovis,Brigham Young,QB,74.63,223,9.88,31.13,,4.55,,30.0,118,,,
2024,Ainias Smith,Texas A&M,WR,69.25,190,8.50,29.00,,,21,,,,,
2024,Maason Smith,Louisiana State,DT,77.00,306,8.50,35.00,,5.01,,31.0,108,4.69,7.62,
2024,Tykee Smith,Georgia,FS,69.75,202,9.25,31.63,,4.46,,36.0,120,,,
2024,Chau Smith-Wade,Washington State,CB,70.00,184,9.13,30.25,,4.54,18,34.5,125,4.32,7.05,
2024,Javon Solomon,Troy (AL),OLB,72.75,246,10.75,33.88,,4.72,,37.0,119,,,
2024,Brevyn Spann-Ford,Minnesota,TE,78.63,260,10.25,33.38,,4.77,,31.5,116,,7.38,
2024,Tarheeb Still,Maryland,CB,71.75,189,9.13,29.63,,4.52,,38.0,120,,,
2024,Cade Stover,Ohio State,TE,76.00,247,9.75,32.75,,4.65,,34.5,117,4.45,,
2024,Kingsley Suamataia,Brigham Young,OT,76.75,326,10.63,34.25,,5.04,,,,,,
2024,Jalen Sundell,North Dakota State,C,76.50,300,9.50,33.13,,,,,,,,
2024,TVondre Sweat,Texas,DT,76.63,366,10.13,33.25,,5.27,,26.0,98,,,
2024,T.J. Tampa,Iowa State,CB,73.00,189,9.63,32.50,,,,,,,,
2024,Leonard Taylor,Miami (FL),DT,75.63,303,9.00,33.88,,5.12,,30.0,109,,7.81,
2024,Dadrion Taylor-Demerson,Texas Tech,FS,70.00,197,9.63,30.88,,4.41,,38.0,123,,,
2024,Brian Thomas,Louisiana State,WR,75.25,209,9.75,32.75,,4.33,11,38.5,126,,,
2024,Nathan Thomas,Louisiana-Lafayette,OT,76.75,332,10.75,33.75,,5.19,,,,,8.01,
2024,Xavier Thomas,Clemson,DE,73.75,244,9.13,32.88,,4.62,,32.5,120,,,
2024,Jamari Thrash,Louisville,WR,71.75,188,8.63,31.00,,4.46,,34.0,120,,7.16,
2024,Ro Torrence,Arizona State,CB,74.75,208,8.50,34.13,,,,,,,,
2024,Tyrone Tracy,Purdue,RB,70.88,209,9.13,31.75,,4.48,,40.0,124,,,
2024,Jordan Travis,Florida State,QB,72.63,200,9.00,31.38,,,,,,,,
2024,Bralen Trice,Washington,DE,75.63,245,9.00,32.50,,4.72,,,,,,
2024,Jeremiah Trotter,Clemson,ILB,71.75,228,9.25,31.50,,,21,,,4.40,7.13,
2024,Zion Tupuola-Fetui,Washington,DE,75.00,244,10.63,33.38,,,,,,,,
2024,Charles Turner,Louisiana State,C,75.75,303,9.38,34.00,,,,,,4.62,7.88,
2024,Dallas Turner,Alabama,OLB,75.25,247,9.88,34.38,,4.46,,40.5,127,,,
2024,David Ugwoegbu,Houston,OLB,75.75,250,10.25,33.75,,,,31.5,,,,
2024,Edefuan Ulofoshio,Washington,ILB,72.63,236,9.25,32.88,,4.56,,39.5,128,,,
2024,Sione Vaki,Utah,SS,71.38,210,8.63,29.13,,4.62,20,39.5,125,,,
2024,Sedrick Van Pran-Granger,Georgia,C,75.75,298,9.50,31.38,,5.20,,,,4.82,7.46,
2024,Devaughn Vele,Utah,WR,76.25,203,9.75,33.50,,4.47,,36.0,126,,,
2024,Jared Verse,Florida State,DE,75.63,254,9.88,33.50,,4.58,,35.0,127,4.44,7.31,
2024,Kimani Vidal,Troy (AL),RB,67.63,213,9.38,30.38,,4.46,18,37.5,120,,,
2024,Devontez Walker,North Carolina,WR,73.63,193,9.13,33.25,,4.36,,40.5,134,,,
2024,Caedan Wallace,Penn State,OT,76.75,314,10.75,34.00,,5.15,,,,,,
2024,Josh Wallace,Michigan,CB,71.13,185,8.88,31.38,,,13,34.5,120,4.35,,
2024,Trevin Wallace,Kentucky,OLB,73.25,237,9.13,32.63,,4.51,,37.5,127,,,
2024,Malik Washington,Virginia,WR,68.63,191,9.25,30.38,,4.47,19,42.5,126,,,
2024,Tahj Washington,Southern California,WR,69.88,174,8.38,29.13,,,,35.0,122,,,
2024,Nathaniel Watson,Mississippi State,ILB,74.13,233,9.88,32.88,,4.63,,31.0,111,,,
2024,Eric Watts,Connecticut,DE,77.50,274,9.75,35.75,,4.67,,36.5,117,4.73,7.59,
2024,Ryan Watts,Texas,FS,74.75,208,9.38,34.50,,4.53,,40.5,125,4.13,6.82,
2024,Xavier Weaver,Colorado,WR,72.25,169,8.88,31.13,,,,,,,,
2024,Jack Westover,Washington,TE,74.75,243,9.13,32.13,,,,,,,,
2024,Jordan Whittington,Texas,WR,72.63,205,10.00,30.38,,,18,,,,,
2024,Nate Wiggins,Clemson,CB,73.00,173,9.00,30.50,,4.28,,36.0,127,,,
2024,Jared Wiley,Texas Christian,TE,78.00,249,9.50,33.25,,4.62,,37.0,118,,7.19,
2024,Michael Wiley,Arizona,RB,70.63,210,9.25,30.00,,4.51,,33.5,119,,,
2024,Caleb Williams,Southern California,QB,72.63,214,9.75,32.00,,,,,,,,
2024,Evan Williams,Oregon,SS,71.38,200,10.13,30.13,,4.60,,40.5,126,,,
2024,Isaiah Williams,Illinois,WR,68.88,182,9.13,30.13,,4.63,17,38.0,123,,6.75,
2024,James Williams,Miami (FL),SS,76.38,231,9.50,33.63,,4.65,,30.0,117,,,
2024,Miyan Williams,Ohio State,RB,68.63,229,9.00,28.63,,,,,,,,
2024,Johnny Wilson,Florida State,WR,78.13,231,10.00,35.38,,4.52,,37.0,128,4.11,,
2024,Payton Wilson,North Carolina State,OLB,76.13,233,9.00,30.50,,4.43,,34.5,119,,,
2024,Roman Wilson,Michigan,WR,70.50,185,9.75,30.38,,4.39,12,,,,,
2024,Mekhi Wingo,Louisiana State,DT,72.25,284,9.25,32.00,,4.85,25,31.5,109,,,
2024,Xavier Worthy,Texas,WR,71.25,165,8.75,31.13,,4.21,,41.0,131,,,
2024,Jaylen Wright,Tennessee,RB,70.63,210,9.38,31.50,,4.38,,38.0,134,,,
2024,Zak Zinter,Michigan,OG,77.75,309,9.38,33.50,,,,,,,,
